"","Soil Erosion Rates","Area (Ha)","Percentage (%)"
"1","Slight (< 5 ton/ha/yr)",326142,71.8361790981657
"2","Mild (5-25 ton/ha/yr)",104003,22.9077461190111
"3","Moderate (25-50 ton/ha/yr)",8438,1.85855755845712
"4","Strong (50-80 ton/ha/yr)",5336,1.17530968617293
"5","Very strong (80-150 ton/ha/yr)",6259,1.37861006854505
"6","Severe (> 150 ton/ha/yr)",3830,0.843597469648112
